company,mdna_length,risk_length,num_orgs_mentioned,num_money_figures,num_percentages,num_rupee_figures,num_growth_driver_sentences,growth_driver_sentences,sample_money_figures
jpmorgan,662,136029,3,0,0,0,0,,
caterpillar,209867,75113,711,166,47,0,102,"Emissions compliance in developing markets is complex due to rapidly evolving and unique requirements where enforcement processes can often vary. | Compared with year-end 2023, the order backlog increased in Energy & Transportation, while Construction Industries and Resource Industries decreased. | We undertake no obligation to publicly update forward-looking statements, whether as a result of new information, future events or otherwise. | A prolonged period of economic weakness may also result in increased expenses due to higher allowances for doubtful accounts and potential goodwill and asset impairment charges. | Reduction in these capital expenditures may lead to decreased demand for Caterpillar products and services as well as aftermarket parts as customers may choose to extend preventative maintenance and delay overhauls when possible. | Increases in the prices of such commodities would increase our costs, negatively impacting our business, results of operations and financial
Table of Contents
condition if we are unable to fully offset the effect of these increased costs through price increases, productivity improvements, cost reduction programs or hedging programs. | Production challenges at suppliers (including suppliers of semiconductors), a disruption in deliveries to or from suppliers or decreased availability of raw materials or commodities could have an adverse effect on our ability to meet our commitments to customers or increase our operating costs. | Thus, our share of industry sales could be reduced due to aggressive pricing or product strategies pursued by competitors, unanticipated product or manufacturing difficulties, our failure to price our products competitively, our failure to produce our products at a competitive cost or an unexpected buildup in competitors’ new machine or dealer-owned rental fleets, which could lead to downward pressure on machine rental rates and/or used equipment prices. | Increased information technology security threats and more sophisticated computer crime pose a risk to our systems, networks, products and services. | However, the potential consequences of a future material cybersecurity attack include reputational damage, litigation with third parties, government enforcement actions, penalties, disruption to systems, unauthorized release of confidential or otherwise protected information, corruption of data, diminution in the value of our investment in research, development and engineering, and increased cybersecurity protection and remediation costs, which in turn could adversely affect our competitiveness, results of operations and financial condition.","$30.0 billion, $27.5 billion, $8.0 billion, $100 , $15.0 billion, $20.0 billion, $20.1 billion, $64.809 billion, $2.251 billion, $67.060 billion"
accenture,46256,91511,97,42,46,0,41,"For additional information regarding business optimization costs, see Note 1 (Summary of Significant Accounting Policies) to our Consolidated Financial Statements under Item 8, “Financial Statements and Supplementary Data.”
•
Revenues of $64.9 billion,
an increase of
1%
in U.S. dollars and
2%
in local currency;
•
New bookings of $81.2 billion,
an increase of 13% in U.S. dollars and 14% in local currency;
•
Operating margin of 14.8%,
compared to 13.7% in fiscal 2023; adjusted operating margin was 15.5% compared to 15.4% in fiscal 2023;
•
Diluted earnings per share of $11.44,
a 6% increase over $10.77 for fiscal 2023; adjusted earnings per share increased 2% to $11.95 compared to $11.67 for fiscal 2023; and
•
Cash returned to shareholders of $7.8 billion,
including share purchases of $4.5 billion and dividends of $3.2 billion. | Management's Discussion and Analysis of Financial Condition and Results of Operations
Revenues
Fiscal
Percent
Increase (Decrease)
U.S.
Dollars
Percent
Increase (Decrease)
Local
Currency
Percent of Total
Revenues
for Fiscal
(in billions of U.S. dollars)
2023
2023
Geographic Markets
North America (1)
$
30.7
$
30.3
%
%
%
%
EMEA (2)
22.8
22.3
—
35
Growth Markets (1) (2)
11.3
11.5
(2)
17
Total Revenues
$
64.9
$
64.1
%
%
%
%
Industry Groups
Communications, Media & Technology
$
10.8
$
11.5
(5)
%
(4)
%
%
%
Financial Services
11.6
12.1
(4)
(3)
19
Health & Public Service
13.8
12.6
10
20
Products
19.6
19.1
2
30
Resources
9.1
8.9
4
14
Total Revenues
$
64.9
$
64.1
%
%
%
%
Type of Work
Consulting
$
33.2
$
33.6
(1)
%
(1)
%
%
%
Managed Services
31.7
30.5
5
48
Total Revenues
$
64.9
$
64.1
%
%
%
%
Amounts in table may not total due to rounding. | Revenues for fiscal 2024 increased 1% in U.S. dollars and 2% in local currency compared to fiscal 2023. | In our consulting business, revenues for fiscal 2024 decreased 1% in both U.S. dollars and local currency compared to fiscal 2023. | The decline in consulting revenue in local currency in fiscal 2024 was driven by a decline in EMEA, partially offset by modest growth in Growth Markets and slight growth in North America. | Our consulting revenue continues to be driven by helping our clients accelerate their reinvention, in particular technology, data, and AI led digital transformations. | In our managed services business, revenues for fiscal 2024 increased 4% in U.S. dollars and 5% in local currency compared to fiscal 2023. | Managed services revenue growth in local currency in fiscal 2024 was driven by very strong growth in Growth Markets, solid growth in EMEA and modest growth in North America. | Our workforce, the majority of which serves our clients, increased to approximately 774,000 as of August 31, 2024, compared to approximately 733,000 as of August 31, 2023. | Valuation allowances will be subject to change in each future reporting period as a result of changes in one or more of these factors.","$438 million, $1,063 million, $253 million, $64.9 billion, $81.2 billion, $11.44, $10.77 , $11.95 , $11.67 , $7.8 billion"
pg,91326,38613,251,103,116,0,140,"Risks and uncertainties to which our forward-looking statements are subject include, without limitation: (1) the ability to successfully manage global financial risks, including foreign currency fluctuations, currency exchange or pricing controls; (2) the ability to successfully manage local, regional or global economic volatility, including reduced market growth rates, and to generate sufficient income and cash flow to allow the Company to effect the expected share repurchases and dividend payments; (3) the ability to successfully manage uncertainties related to changing political and geopolitical conditions and potential implications such as exchange rate fluctuations, market contraction, boycotts, sanctions or other trade controls; (4) the ability to manage disruptions in credit markets or to our banking partners or changes to our credit rating; (5) the ability to maintain key manufacturing and supply arrangements (including execution of supply chain optimizations and sole supplier and sole manufacturing plant arrangements) and to manage disruption of business due to various factors, including ones outside of our control, such as natural disasters, acts of war or terrorism or disease outbreaks; (6) the ability to successfully manage cost fluctuations and pressures, including prices of commodities and raw materials and costs of labor, transportation, energy, pension and healthcare; (7) the ability to compete with our local and global competitors in new and existing sales channels, including by successfully responding to competitive factors such as prices, promotional incentives and trade terms for products; (8) the ability to manage and maintain key customer relationships; (9) the ability to protect our reputation and brand equity by successfully managing real or perceived issues, including concerns about safety, quality, ingredients, efficacy, packaging content, supply chain practices or similar matters that may arise; (10) the ability to successfully manage the financial, legal, reputational and operational risk associated with third-party relationships, such as our suppliers, contract manufacturers, distributors, contractors and external business partners; (11) the ability to rely on and maintain key company and third-party information and operational technology systems, networks and services and maintain the security and functionality of such systems, networks and services and the data contained therein; (12) the ability to successfully manage the demand, supply and operational challenges, as well as governmental responses or mandates, associated with a disease outbreak, including epidemics, pandemics or similar widespread public health concerns; (13) the ability to stay on the leading edge of innovation, obtain necessary intellectual property protections and successfully respond to changing consumer habits, evolving digital marketing and selling platform requirements and technological advances attained by, and patents granted to, competitors; (14) the ability to successfully manage our ongoing acquisition, divestiture and joint venture activities, in each case to achieve the Company’s overall business strategy and financial objectives, without impacting the delivery of base business objectives; (15) the ability to successfully achieve productivity improvements and cost savings and manage ongoing organizational changes while successfully identifying, developing and retaining key employees, including in key growth markets where the availability of skilled or experienced employees may be limited; (16) the ability to successfully manage current and expanding regulatory and legal requirements and matters (including, without limitation, those laws and regulations involving product liability, product and packaging composition, manufacturing processes, intellectual property, labor and employment, antitrust, privacy, cybersecurity and data protection, artificial intelligence, tax, the environment, due diligence, risk oversight, accounting and financial reporting) and to resolve new and pending matters within current estimates; (17) the ability to manage changes in applicable tax laws and regulations; and (18) the ability to successfully achieve our ambition of reducing our greenhouse gas emissions and delivering progress towards our environmental sustainability priorities. | In our presentation of data in tables or other charts, certain columns and rows may not add due to rounding. | The impairment charge arose from a reduction in the estimated fair value of the Gillette indefinite-lived intangible asset due to a higher discount rate, weakening of several currencies relative to the U.S. dollar and the impact of the non-core restructuring program described above. | SUMMARY OF 2024 RESULTS
Amounts in millions, except per share amounts
2023
Change vs. Prior Year
Net sales
$
84,039
$
82,006
%
Operating income
18,545
18,134
%
Net earnings
14,974
14,738
%
Net earnings attributable to Procter & Gamble
14,879
14,653
%
Diluted net earnings per common share
6.02
5.90
%
Core earnings per share
6.59
5.90
%
Cash flow from operating activities
19,846
16,848
%
•
Net sales increased 2% to $84.0 billion versus the prior year. | The net sales growth was driven by mid-single-digit increases in Health Care, Fabric & Home Care and Grooming and a low single-digit increase in Beauty. | Organic sales, which exclude the impact of acquisitions and divestitures and foreign exchange, increased 4%. | Organic sales increased high single digits in Grooming, mid-single digits in Fabric & Home Care and Health Care and low single digits in Beauty and Baby, Feminine & Family Care.
•
Operating income increased $411 million, or 2%, to $18.5 billion due to the increase in net sales, partially offset by the non-cash impairment charge of $1.3 billion related to the Gillette intangible asset. | •
Net earnings increased $236 million, or 2%, to $15.0 billion due to the increase in operating income, partially offset by a higher effective tax rate. | •
Net earnings attributable to Procter & Gamble increased $226 million, or 2%, to $14.9 billion. | •
Diluted EPS increased 2% to $6.02 due to the increase in net earnings.","$1.0 , $1.5 billion, $216 million, $750 million, $1.3 billion, $1.0 billion, $84.0 billion, $411 million, $18.5 billion, $1.3 billion"
infosys,5092,25453,17,0,1,0,0,,
